{
  "phase1": {
    "loss": [
      3.6596553325653076,
      2.3343162536621094,
      1.8024290800094604,
      1.4945001602172852,
      1.2838566303253174,
      1.1331170797348022,
      1.020946741104126,
      0.9198196530342102,
      0.8487181067466736,
      0.785391092300415,
      0.7278727293014526,
      0.6809980869293213,
      0.6344098448753357,
      0.5942239165306091,
      0.5684097409248352
    ],
    "accuracy": [
      0.20415522158145905,
      0.4399038553237915,
      0.5503090620040894,
      0.6195054650306702,
      0.6825206279754639,
      0.7168612480163574,
      0.7472527623176575,
      0.7769573926925659,
      0.7891483306884766,
      0.8042582273483276,
      0.8245192170143127,
      0.8363667726516724,
      0.8513049483299255,
      0.8640109896659851,
      0.8669299483299255
    ],
    "top5_accuracy": [
      0.4625686705112457,
      0.7728365659713745,
      0.869333803653717,
      0.9146634340286255,
      0.9392170310020447,
      0.9498626589775085,
      0.9584478139877319,
      0.9689217209815979,
      0.9713255763053894,
      0.9747596383094788,
      0.9830013513565063,
      0.9836881756782532,
      0.9848901033401489,
      0.9867788553237915,
      0.9879807829856873
    ],
    "val_loss": [
      2.6335113048553467,
      2.0655994415283203,
      1.8024470806121826,
      1.6554094552993774,
      1.5640246868133545,
      1.5008281469345093,
      1.4558515548706055,
      1.4201691150665283,
      1.3972573280334473,
      1.3779305219650269,
      1.3610846996307373,
      1.3512427806854248,
      1.3337764739990234,
      1.3314346075057983,
      1.3256195783615112
    ],
    "val_accuracy": [
      0.41874998807907104,
      0.5140625238418579,
      0.5640624761581421,
      0.573437511920929,
      0.5765625238418579,
      0.5859375,
      0.598437488079071,
      0.5953124761581421,
      0.604687511920929,
      0.6031249761581421,
      0.612500011920929,
      0.612500011920929,
      0.6156250238418579,
      0.6109374761581421,
      0.6156250238418579
    ],
    "val_top5_accuracy": [
      0.731249988079071,
      0.824999988079071,
      0.854687511920929,
      0.8656250238418579,
      0.8734375238418579,
      0.8828125,
      0.8828125,
      0.8890625238418579,
      0.890625,
      0.895312488079071,
      0.895312488079071,
      0.8968750238418579,
      0.8968750238418579,
      0.8984375,
      0.8968750238418579
    ],
    "lr": [
      0.0010000000474974513,
      0.0010000000474974513,
      0.0010000000474974513,
      0.0010000000474974513,
      0.0010000000474974513,
      0.0010000000474974513,
      0.0010000000474974513,
      0.0010000000474974513,
      0.0010000000474974513,
      0.0010000000474974513,
      0.0010000000474974513,
      0.0010000000474974513,
      0.0010000000474974513,
      0.0010000000474974513,
      0.0010000000474974513
    ]
  },
  "phase2": {
    "loss": [
      0.48406943678855896,
      0.43457838892936707,
      0.40385955572128296,
      0.3721631169319153,
      0.3512374460697174,
      0.3457320034503937,
      0.3311781585216522,
      0.31992462277412415
    ],
    "accuracy": [
      0.8868475556373596,
      0.8919986486434937,
      0.9009271860122681,
      0.905906617641449,
      0.9100274443626404,
      0.9151785969734192,
      0.9179258346557617,
      0.922218382358551
    ],
    "top5_accuracy": [
      0.9926167726516724,
      0.9933035969734192,
      0.9936469793319702,
      0.994848906993866,
      0.9946771860122681,
      0.994333803653717,
      0.9962225556373596,
      0.9950206279754639
    ],
    "val_loss": [
      1.3267576694488525,
      1.3295564651489258,
      1.3356136083602905,
      1.3451646566390991,
      1.3477904796600342,
      1.3500213623046875,
      1.3530439138412476,
      1.3539007902145386
    ],
    "val_accuracy": [
      0.614062488079071,
      0.6187499761581421,
      0.6234375238418579,
      0.6171875,
      0.6171875,
      0.6187499761581421,
      0.6187499761581421,
      0.6187499761581421
    ],
    "val_top5_accuracy": [
      0.890625,
      0.8921874761581421,
      0.8890625238418579,
      0.8890625238418579,
      0.8890625238418579,
      0.8890625238418579,
      0.8890625238418579,
      0.8890625238418579
    ],
    "lr": [
      4.999999873689376e-06,
      4.999999873689376e-06,
      4.999999873689376e-06,
      4.999999873689376e-06,
      2.499999936844688e-06,
      2.499999936844688e-06,
      2.499999936844688e-06,
      1.249999968422344e-06
    ]
  },
  "eval": {
    "loss": 1.356785774230957,
    "accuracy": 0.625,
    "top5_accuracy": 0.8991477489471436
  }
}