epoch,accuracy,loss,lr,top5_accuracy,val_accuracy,val_loss,val_top5_accuracy
0,0.5166666507720947,0.99136883020401,0.001,1.0,0.3333333432674408,1.0666882991790771,1.0
1,0.44999998807907104,0.9934341311454773,0.001,1.0,0.4444444477558136,0.9986088871955872,1.0
2,0.699999988079071,0.869221031665802,0.001,1.0,0.5555555820465088,0.9405862092971802,1.0
3,0.7166666388511658,0.792540431022644,0.001,1.0,0.5555555820465088,0.8862871527671814,1.0
4,0.7666666507720947,0.7193760275840759,0.001,1.0,0.5555555820465088,0.8372878432273865,1.0
